Workbook

Sheet Number of Students
B2: Number of Students
B4: Community Survey: School Enrollment
C5: Number of Students
C6: Kampala, Uganda | D6: Recife, Brazil | E6: Velencia, Spain | F6: Bergen, Norway
B7: Age 6-10 | C7: 85854 | D7: 151209 | E7: 25798 | F7: 74126
B8: Age 11-15 | C8: 92991 | D8: 155481 | E8: 26130 | F8: 76583
B9: Age 16-18 | C9: 79668 | D9: 164279 | E9: 19645 | F9: 76014
B10: Age 19-25 | C10: 91968 | D10: 240341 | E10: 53443 | F10: 67451
H25: Place new graph here!

Sheet Sales by Age
B2: Sales by Age
B4: Current Annual Sales by Age Group
C5: Average Annual Sales
B6: Age 6-10 | C6: 85204
B7: Age 11-15 | C7: 115229
B8: Age 16-18 | C8: 955820
B9: Age 19-25 | C9: 401517 | E9: Place graph here!
B10: Age 25+ | C10: 107301

Sheet Sales and Distance from Stadium
B2: Sales & Distance from Stadium
B4: Sales by Stores
C5: Store 1 Sales | D5: Store 2 Sales | E5: Store 3 Sales | F5: Store 4 Sales | G5: Store 5 Sales | H5: Store 6 Sales
B6: Year 1 Total Sales | C6: 217129
B7: Year 2 Total Sales | C7: 257281 | D7: 312409 | E7: 185163
B8: Year 3 Total Sales | C8: 232019 | D8: 308782 | E8: 192598 | F8: 279420
B9: Year 4 Total Sales | C9: 238271 | D9: 304242 | E9: 240355 | F9: 281793 | G9: 181091 | H9: 241258
B10: Year 5 Total Sales | C10: 221061 | D10: 280690 | E10: 283143 | F10: 279280 | G10: 247569 | H10: 247027
B11: Average Annual Sales | C11: 233152 | D11: =AVERAGE(D6:D10) -> 301530.75 | E11: =AVERAGE(E6:E10) -> 225314.75 | F11: =AVERAGE(F6:F10) -> 280164.33 | G11: =AVERAGE(G6:G10) -> 214330 | H11: =AVERAGE(H6:H10) -> 244142.5
B12: Standard Deviation of Total Sales | C12: 15911 | D12: =STDEV(D6:D10) -> 14289.911 | E12: =STDEV(E6:E10) -> 45654.004 | F12: =STDEV(F6:F10) -> 1412.2027 | G12: =STDEV(G6:G10) -> 47007.045 | H12: =STDEV(H6:H10) -> 4079.299
B14: Store Distance from Stadium
C15: Distance from Stadium (km) | D15: Average Annual Sales ($)
B16: Store 1 | C16: 3.8 | D16: =INDEX($C$11:$H$11,,ROWS($B$16:B16)) -> 233152
B17: Store 2 | C17: 1.4 | D17: =INDEX($C$11:$H$11,,ROWS($B$16:B17)) -> 301530.75
B18: Store 3 | C18: 4.3 | D18: =INDEX($C$11:$H$11,,ROWS($B$16:B18)) -> 225314.75
B19: Store 4 | C19: 2.2 | D19: =INDEX($C$11:$H$11,,ROWS($B$16:B19)) -> 280164.33 | F19: Place graph here!
B20: Store 5 | C20: 3.6 | D20: =INDEX($C$11:$H$11,,ROWS($B$16:B20)) -> 214330
B21: Store 6 | C21: 3.5 | D21: =INDEX($C$11:$H$11,,ROWS($B$16:B21)) -> 244142.5

Sheet Average Monthly Sales
B2: Average Monthly Sales
B4: Average Monthly Sales for All Stores
B5: Month | C5: Month Number | D5: Average Monthly Sales
B6: January | C6: 1 | D6: 54345
B7: February | C7: 2 | D7: 67321
B8: March | C8: 3 | D8: 86911
B9: April | C9: 4 | D9: 105222 | F9: Place graph here!
B10: May | C10: 5 | D10: 110315
B11: June | C11: 6 | D11: 133153
B12: July | C12: 7 | D12: 156213
B13: August | C13: 8 | D13: 168158
B14: September | C14: 9 | D14: 135859
B15: October | C15: 10 | D15: 93628
B16: November | C16: 11 | D16: 80636
B17: December | C17: 12 | D17: 126231

Sheet How Did I Do
A1: 2025 Block 5
A3: Number of Students, F7 | B3: =IF('Number of Students'!F7-74126=0,"Correct","Error") -> Correct
A4: Number of Students, F8 | B4: =IF('Number of Students'!F8-76583=0,"Correct","Error") -> Correct
A5: Number of Students, F9 | B5: =IF('Number of Students'!F9-76014=0,"Correct","Error") -> Correct
A6: Number of Students, F10 | B6: =IF('Number of Students'!F10-67451=0,"Correct","Error") -> Correct
A8: Sales & Distance from Stadium, D11 | B8: =IF(ROUND('Sales and Distance from Stadium'!D11,0)=301531,"Correct","Error") -> Correct
A9: Sales & Distance from Stadium, D12 | B9: =IF(ROUND('Sales and Distance from Stadium'!D12,0)=14290,"Correct","Error") -> Correct
A10: Sales & Distance from Stadium, E11 | B10: =IF(ROUND('Sales and Distance from Stadium'!E11,0)=225315,"Correct","Error") -> Correct
A11: Sales & Distance from Stadium, E12 | B11: =IF(ROUND('Sales and Distance from Stadium'!E12,0)=45654,"Correct","Error") -> Correct
A12: Sales & Distance from Stadium, F11 | B12: =IF(ROUND('Sales and Distance from Stadium'!F11,0)=280164,"Correct","Error") -> Correct
A13: Sales & Distance from Stadium, F12 | B13: =IF(ROUND('Sales and Distance from Stadium'!F12,0)=1412,"Correct","Error") -> Correct
A14: Sales & Distance from Stadium, G11 | B14: =IF(ROUND('Sales and Distance from Stadium'!G11,0)=214330,"Correct","Error") -> Correct
A15: Sales & Distance from Stadium, G12 | B15: =IF(ROUND('Sales and Distance from Stadium'!G12,0)=47007,"Correct","Error") -> Correct
A16: Sales & Distance from Stadium, H11 | B16: =IF(ROUND('Sales and Distance from Stadium'!H11,0)=244143,"Correct","Error") -> Correct
A17: Sales & Distance from Stadium, H12 | B17: =IF(ROUND('Sales and Distance from Stadium'!H12,0)=4079,"Correct","Error") -> Correct
A18: Sales & Distance from Stadium, D16 | B18: =IF(ROUND('Sales and Distance from Stadium'!D16,0)=233152,"Correct","Error") -> Correct
A19: Sales & Distance from Stadium, D17 | B19: =IF(ROUND('Sales and Distance from Stadium'!D17,0)=301531,"Correct","Error") -> Correct
A20: Sales & Distance from Stadium, D18 | B20: =IF(ROUND('Sales and Distance from Stadium'!D18,0)=225315,"Correct","Error") -> Correct
A21: Sales & Distance from Stadium, D19 | B21: =IF(ROUND('Sales and Distance from Stadium'!D19,0)=280164,"Correct","Error") -> Correct
A22: Sales & Distance from Stadium, D20 | B22: =IF(ROUND('Sales and Distance from Stadium'!D20,0)=214330,"Correct","Error") -> Correct
A23: Sales & Distance from Stadium, D21 | B23: =IF(ROUND('Sales and Distance from Stadium'!D21,0)=244143,"Correct","Error") -> Correct
